{
  "mode": "heuristic_baseline",
  "model": "keyword heuristic (no ML)",
  "n_samples": 300,
  "accuracy": 0.4233,
  "f1_macro": 0.415,
  "avg_latency_ms": 0.1,
  "classification_report": {
    "negative": {
      "precision": 0.5,
      "recall": 0.27,
      "f1-score": 0.35064935064935066,
      "support": 100.0
    },
    "neutral": {
      "precision": 0.325,
      "recall": 0.39,
      "f1-score": 0.35454545454545455,
      "support": 100.0
    },
    "positive": {
      "precision": 0.48412698412698413,
      "recall": 0.61,
      "f1-score": 0.5398230088495575,
      "support": 100.0
    },
    "accuracy": 0.42333333333333334,
    "macro avg": {
      "precision": 0.43637566137566136,
      "recall": 0.42333333333333334,
      "f1-score": 0.4150059380147875,
      "support": 300.0
    },
    "weighted avg": {
      "precision": 0.43637566137566136,
      "recall": 0.42333333333333334,
      "f1-score": 0.4150059380147875,
      "support": 300.0
    }
  }
}